isbn,price,title
1931769516,$162.38,Disassembling Code: IDA Pro and SoftICE
978-1-59327-564-8,$35.38,Penetration Testing
978-1-59327-163-3,$137.43,Hacking VoIP
978-0-321-34998-9,$45.96,Security Metrics
978-1-78328-898-4,$29.99,Learning Pentesting for Android Devices
3319160265,$79.99,Security Planning: An Applied Approach
1466559578,$111.82,"Distributed Networks: Intelligence, Security, and Applications"
978-1-118-12706-3,$62.79,"Computer Security Handbook, 6th Edition"
978-0-596-00105-6,$16.95,Database Nation
1491920947,$40.81,Essential Cybersecurity Science
3319023896,$109.99,Security and the Networked Society
1849694125,$19.99,Instant Penetration Testing
0071849270,$46.32,"CISSP All-in-One Exam Guide, 7th Edition"
1785884492,$33.92,"CISSP in 21 Days, Second Edition"
1627058435,$6.95,Database Anonymization
178588963X,$41.72,Practical Internet of Things Security
978-1-78216-222-3,$42.99,Mastering Metasploit
1782170960,$35.98,VMware vCloud Security
1484227980,$39.99,Digital Privacy and Security Using Windows
0470550937,$2.74,"Hacking For Dummies, 3rd Edition"
1491954388,$28.28,"Mastering Bitcoin, 2nd Edition"
1484230590,$29.99,Building a HIPAA-Compliant Cybersecurity Program
1119416876,$39.66,CompTIA CySA+ Practice Tests
1484222822,$38.37,From Hacking to Report Writing
1783988800,$34.99,Testing and Securing Android Studio Applications
178528262X,$34.99,Spring Security Essentials
3319490249,$141.02,Hardware IP Security and Trust
1783559020,$22.99,Computer Forensics with FTK
1259583074,$19.72,"SSCP Systems Security Certified Practitioner All-in-One Exam Guide, 2nd Edition"
1119375738,$15.17,"Social Security For Dummies, 3rd Edition"
1785287818,$34.99,Mastering Mobile Forensics
1484224299,$27.84,Personal Cybersecurity
1783986042,$24.99,BeagleBone for Secret Agents
1849510504,$39.99,Hacking Vim 7.2
1119154685,$19.88,"Hacking For Dummies, 5th Edition"
1785887106,$34.99,Practical Digital Forensics
1785281976,$29.99,Bitcoin Essentials
1849681481,$54.99,IBM WebSphere Application Server v7.0 Security
1785288105,$43.95,Big Data Forensics – Learning Hadoop Investigations
1783985984,$35.99,Kali Linux CTF Blueprints
0470626399,$46.61,"Information Security, 2nd Edition"
1516945867,$35.00,Intermediate Security Testing with Kali Linux 2
0132564718,$55.77,Network Forensics
1491904011,$27.50,The Architecture of Privacy
1498723187,$54.57,Security and Privacy in Internet of Things (IoTs)
1119059658,$19.36,SSCP (ISC)2 Systems Security Certified Practitioner Official Study Guide
1782174907,$49.99,Learning Network Forensics
1449310044,$27.82,"Inside Cyber Warfare, 2nd Edition"
1484220528,$39.99,Building a Comprehensive IT Security Program
0133354695,$141.91,"Cryptography and Network Security, 6th Edition"
159327601X,$32.25,iOS Application Security
1845647688,$345.00,Handbook of Communications Security
1484214560,$34.68,Managing Risk and Information Security
1484221540,$44.99,Cybersecurity for Hospitals and Healthcare Facilities
1522785930,$15.08,Immune Web: What makes the Internet Safe?
149191095X,$43.65,"Network Security Assessment, 3rd edition"
1782166785,$49.99,"Metasploit Penetration Testing Cookbook, Second Edition"
1783988045,$35.99,Mastering Python Forensics
1782163581,$49.99,Learning Metasploit Exploitation and Development
1849695660,$22.99,Instant Kali Linux
1466571276,$68.62,"Official (ISC)2 Guide to the CSSLP CBK, Second Edition"
143983721X,$68.25,Visual Cryptography and Secret Image Sharing
1430260823,$64.21,Enterprise Cybersecurity
151719301X,$5.49,Protect Your Privacy
1449374182,$37.37,Accumulo
1847199747,$49.99,Spring Security 3
1512300772,$13.38,"Hacking: Basic Security, Penetration Testing and How to Hack"
1430265833,$33.25,A Practical Guide to TPM 2.0
1847199380,$44.99,GlassFish Security
1511797568,$19.00,Python Hacking Essentials
1118896696,$42.37,Security Intelligence
0133773922,$42.82,"Computer Security: Principles and Practice, 3rd Edition"
1512214566,$13.85,The Hacker Playbook 2: Practical Guide To Penetration Testing
3319247158,$89.99,Security and Privacy for Mobile Healthcare Networks
1119028752,$37.08,The Antivirus Hacker’s Handbook
331918301X,$139.99,"Cyber Security: Analytics, Technology and Automation"
978-0-596-52931-4,$34.34,Securing Ajax Applications
1785281518,$54.99,Windows Malware Analysis Essentials
978-0-471-91710-6,$4.50,Rootkits For Dummies
978-0-596-51030-5,$10.99,"Network Security Assessment, 2nd Edition"
978-0-0714-9461-8,$10.78,Hacking Exposed Web 2.0
978-0-596-51483-9,$16.41,Web Security Testing Cookbook
978-0-0714-9426-7,$39.33,"Hacking Exposed Windows, 3rd Edition"
978-1-59749-237-9,$11.82,Reverse Engineering Code with IDA Pro
978-1-59327-144-2,$39.96,"Hacking, 2nd Edition"
1466578955,$63.33,"Official (ISC)2 Guide to the CISSP-ISSMP CBK, Second Edition"
1466501332,$80.54,Cyberspace and Cybersecurity
978-1783263745,$92.21,Data Analysis For Network Cyber-Security
978-1439896464,$20.62,Android Security: Attacks and Defenses
1893939944,$64.80,"Wireshark Network Analysis, 2nd Edition"
1466594446,$79.73,Transnational Security
1593275730,$24.16,Bitcoin for the Befuddled
0470931663,$20.86,"Computer Forensics JumpStart, 2nd Edition"
1784396001,$49.99,Learning Python Network Programming
978-1-59327-590-7,$27.96,Black Hat Python
978-1-118-60864-7,$13.12,Android Hacker’s Handbook
978-1-59327-581-5,$39.96,Android Security Internals
978-0-07180-0-150,$30.12,"Anti-Hacker Tool Kit, 4th Edition"
1782175539,$44.99,Microsoft Dynamics AX 2012 R3 Security
1466517948,$80.91,Network Attacks and Defenses: A Hands-on Approach
978-1-84951-742-3,$49.99,Metasploit Penetration Testing Cookbook
978-1-4302-6818-5,$69.08,Advanced API Security
978-1-118-02780-6,$44.98,Cyber Security Policy Guidebook
978-3319156170,$69.99,Engineering Secure Software and Systems
978-1-84951-774-4,$59.99,Advanced Penetration Testing for Highly-Secured Environments
978-0991439959,$15.00,A Practical Guide to Networking and Security in iOS 8
978-1-84951-738-6,$44.99,BackTrack 5 Cookbook
978-1-78216-316-9,$49.99,Web Penetration Testing with Kali Linux
978-1-78216-923-9,$37.99,Cuckoo Malware Analysis
978-0-07178-4-351,$47.88,"Information Security The Complete Reference, 2nd Edition"
978-1-4302-5113-2,$39.99,Managing Risk and Information Security
978-0-07181-7-028,$21.58,Hacking Exposed Mobile
978-1-484201-49-7,$71.35,The Manager’s Guide to Web Application Security
978-3-642-40202-9,$92.12,Computer Security – ESORICS 2013
978-1-118-38093-2,$3.29,"Hacking For Dummies, 4th Edition"
978-1-118-80999-0,$43.33,Threat Modeling
"1494932636,9781494932633",$24.99,The Hacker Playbook: Practical Guide To Penetration Testing
978-1-118-66209-0,$53.72,The Browser Hacker’s Handbook
978-1-4302-6382-1,$0.00,The InfoSec Handbook
978-1-118-78731-1,$13.64,Practical Reverse Engineering
978-1-118-82509-9,$43.16,The Art of Memory Forensics
978-0-0716-6661-9,$44.52,"Hacking Exposed Wireless, 2nd Edition"
978-0-596-52748-8,$28.30,Beautiful Security
978-1-84969-510-7,$22.99,Penetration Testing with the Bash shell
978-1-4493-9367-0,$3.99,Protecting Your Mobile App IP: The Mini Missing Manual
978-0-0717-4064-7,$36.35,"Hacking Exposed Web Applications, 3rd Edition"
978-1-4302-2730-4,$15.02,"Enterprise Mac Security: Mac OS X Snow Leopard, 2nd Edition"
978-1-4493-8839-3,$17.50,Hackers
978-1-84951-394-4,$15.58,BackTrack 4: Assuring Security by Penetration Testing
978-0-0722-6257-5,$33.88,"Hacking Exposed Linux, 3rd Edition"
978-1-59327-290-6,$28.78,Practical Malware Analysis
978-0-596-51816-5,$29.95,Security Monitoring
978-0-596-52302-2,$18.93,The Myths of Security
978-0-321-59180-7,$10.40,Practical Intrusion Analysis
978-0-0716-1374-3,$1.80,"Hacking Exposed, 6th Edition"
978-0-596-80276-9,$25.84,Cloud Security and Privacy
978-1-78355-099-9,$34.99,Learning Nessus for Penetration Testing
978-0-4704-4496-2,$7.34,Fragile networks
978-0-0716-2677-4,$36.67,"Hacking Exposed Computer Forensics, 2nd Edition"
978-1-118-81011-8,$34.29,Hacking Point of Sale
978-1-118-79372-5,$32.80,Data-Driven Security
978-1-78398-214-1,$24.49,Kali Linux Network Scanning Cookbook
1-58053-176-8,$65.70,The Fundamentals of Network Security
978-1-118-88814-8,$53.37,Cybersecurity for Executives
978-0-596-00270-1,$30.04,Network Security with OpenSSL
978-1-118-83635-4,$28.54,Cyber Threat!
0-7645-7397-7,$6.94,Network Security Bible
978-1-88641-179-1,$1.54,Crackproof Your Software
978-0-7645-7418-4,$14.92,Computer Viruses For Dummies
978-0-596-00963-2,$14.35,Security Power Tools
978-0-59652-763-1,$17.27,"Network Security Hacks, 2nd Edition"
978-1593270711,$24.16,PGP & GPG
